Nb_spalding;Name_spalding;surftempQ1;surftempQ2;surftempQ3;surftempQ4;btmtemp_shalQ1;btmtemp_shalQ2;btmtemp_shalQ3;btmtemp_shalQ4;btmtemp_deepQ1;btmtemp_deepQ2;btmtemp_deepQ3;btmtemp_deepQ4
1;North Greenland;-1.451364438;-1.446097757;-1.194137396;-1.347856254;-0.435924569;-0.430372719;-0.315297061;-0.386129606;0.227333769;0.235853977;0.22968418;0.224488137
2;North and East Iceland;0.48122664;0.400749212;2.080787701;1.763666671;3.764028196;3.498310656;5.324775758;5.568329379;0.467583685;0.473116567;0.515944581;0.501051277
3;East Greenland Shelf;0.306016277;0.42747365;1.861510764;1.154168825;0.614221001;0.641186061;1.139439296;0.930413885;2.68629447;2.69504333;2.727011402;2.715871302
4;West Greenland Shelf;0.846338558;1.195319405;3.591121481;2.572268095;2.010438588;2.092532325;3.337903061;2.909160547;3.636619364;3.61390108;3.816088206;3.835045231
5;Northern Grand Banks - Southern Labrador;1.406494872;1.730402575;4.39684756;3.799152685;1.949303268;1.730138565;2.953290509;3.110713483;3.779976724;3.617520976;3.669928249;3.818390361
6;Northern Labrador;-0.451414072;-0.172213796;2.637602214;1.547360294;0.391857124;0.576522619;2.24454432;1.630663852;4.345446442;4.329281308;4.295150803;4.353947385
8;Hudson Complex;-1.202903677;-0.989064929;2.179789603;1.202059152;-0.860151106;-0.830552445;1.528621666;1.081931612;NA;NA;NA;NA
11;Beaufort-Amundsen-Viscount Melville-Queen Maud;-1.386679232;-1.372344701;-0.235719209;-0.90780775;-0.663744894;-0.685002571;-0.32261558;-0.321368379;0.527914771;0.527184296;0.524457266;0.522354719
12;Beaufort Sea - continental coast and shelf;-1.454093471;-1.359951479;0.260702876;-0.629011403;-1.301812946;-1.231546691;0.808220125;0.174965303;-0.29971503;-0.300636977;-0.187366308;-0.200479753
13;Chukchi Sea;-1.612901243;-1.191324036;2.390913594;0.596121019;-1.473005801;-1.093679164;2.32542443;0.80896951;-0.262035141;-0.281209749;-0.264103963;-0.217206401
15;East Siberian Sea;-1.567374344;-1.485117236;0.032986696;-0.971810942;-1.454443906;-1.398931833;-0.098398091;-0.838566662;0.161545264;0.210318629;0.18111843;0.10971432
16;Laptev Sea;-1.454297837;-1.290666996;1.449152468;-0.510401717;-1.411848079;-1.333058377;1.175457532;-0.312819263;-0.423666069;-0.415633687;-0.345485413;-0.403734128
17;Kara Sea;-1.339873578;-1.290952586;0.51838421;-0.438217379;-1.015589102;-1.167547533;-0.046268913;-0.169482448;-0.46398053;-0.502844386;-0.515837254;-0.487582597
18;North and East Barents Sea;-0.19851154;-0.118881798;1.568681619;1.027609636;0.338644175;0.168962059;1.199294075;1.171406713;0.154767826;0.125053463;0.127542862;0.202298015
19;White Sea;-0.493284029;0.576076399;5.898164946;3.924909053;-0.244070128;0.097280196;4.822636456;3.885643531;NA;NA;NA;NA
20;South and West Iceland;7.364238081;7.905227589;10.41616787;9.140153662;4.66358188;5.527524385;8.484074361;7.251359038;4.502403218;4.621890489;4.612399281;4.518811926
21;Faroe Plateau;6.02953876;6.47420134;8.309567508;7.40471938;6.534962207;6.801408678;7.707981208;7.404148932;2.625637197;2.705889323;2.686895974;2.674938775
22;Southern Norway;7.048360851;7.443574844;10.49309197;9.577522929;7.104827961;7.207163024;8.941276926;8.851825265;3.173381364;2.963081824;3.004899976;3.082996537
23;Northern Norway and Finnmark;4.591958068;4.817596808;7.671421619;6.88531111;4.228069729;4.107933653;5.789416732;5.841990644;1.521645486;1.401855728;1.655248509;1.815929337
24;Baltic Sea;2.747300215;4.694766697;10.71734153;8.451021295;3.002683718;4.022404689;9.091615654;8.292327937;NA;NA;NA;NA
25;North Sea;6.775400207;8.305312385;13.39765127;11.40059704;6.928297724;8.264959228;13.32693061;11.65236051;1.571056069;1.553906188;1.64583374;1.673431568
26;Celtic Seas;9.964642792;10.84121084;14.0639101;12.60798347;9.100038844;10.03818577;13.8462455;12.66806506;6.47123827;6.434902963;6.639551296;6.725685342
27;South European Atlantic Shelf;13.18262612;13.83298253;16.07849166;15.42335512;12.51309051;13.43879793;16.11747759;15.64767568;5.010181534;5.045725798;5.265118659;5.293809499
28;Saharan Upwelling;17.57933976;17.47458294;18.98046609;18.92130819;16.96656119;16.55545877;17.75580318;18.27596842;5.787887135;5.698828616;5.874183313;5.930337436
29;Azores Canaries Madeira;15.92591782;16.26632203;18.24311865;17.9191906;NA;NA;NA;NA;3.381097361;3.391564435;3.408929085;3.403425745
30;Adriatic Sea;11.31506235;13.2992099;17.99621885;16.09496508;11.24151001;12.53366118;16.43857337;15.42676729;12.31220113;12.28193662;12.35694343;12.41625305
37;Gulf of St. Lawrence - Eastern Scotian Shelf;2.239681155;3.006573595;7.271131637;6.446636757;3.1130543;3.485558319;6.516958518;6.248880378;3.358867377;3.365412952;3.519427061;3.494484372
38;Southern Grand Banks - South Newfoundland;3.0663883;3.595955191;6.625992639;5.970063431;2.601491375;2.753455009;4.938458356;4.998146639;3.857047452;3.800202593;4.118149668;4.209976763
39;Scotian Shelf;6.259276951;6.593155012;9.916459844;9.545139953;6.070122568;5.502114212;7.416687201;7.930310567;3.275704893;3.25206859;3.519414765;3.503987702
41;Virginian;10.58132869;11.72067627;17.36736466;16.11013368;7.218940555;8.774109725;15.94312194;14.75264907;4.347857449;4.323273754;4.791197494;4.80121385
43;Northern Gulf of Mexico;18.59909143;20.73763606;25.77741549;23.66594922;16.49749742;18.79053186;24.7176505;22.54928617;6.821643611;6.859577298;6.963116701;7.041945291
44;Black Sea;8.709077163;10.48114356;14.74273523;13.02757896;7.101487177;7.9823997;11.25567896;12.70925679;9.167737797;9.19085246;9.506079525;9.894370223
45;Sea of Okhotsk;-1.107041478;0.068899312;4.245287628;2.379694552;-0.774819629;-0.053757353;3.453793501;2.261696231;2.455592293;2.460780273;2.65395399;2.740528054
47;Oyashio Current;1.160788232;2.213201023;5.333638661;4.514655307;1.462358997;2.456778431;5.775450167;4.9181178;1.805605806;1.852715855;2.099915144;2.093399255
48;Northeastern Honshu;7.372941432;8.248430614;13.33410568;13.73346054;6.268943243;6.144491731;9.306822366;10.01956912;2.185941164;2.127470406;2.258693646;2.410020566
49;Sea of Japan/East Sea;4.150135447;5.678744243;9.89581996;8.676823954;3.013464281;4.043747416;6.564355073;6.416729695;0.879542808;0.91502016;1.073136597;1.101999286
50;Yellow Sea;6.755702582;10.13492073;18.09354249;15.51017189;6.779736733;9.931961268;17.8454013;15.52718248;NA;NA;NA;NA
51;Central Kuroshio Current;16.78661653;18.04771294;22.01018898;21.1621698;10.78407676;12.57549998;17.64614393;16.558415;3.740969818;3.794944458;3.988641324;4.03506953
52;East China Sea;15.55450658;17.90068351;23.06458378;21.22552088;13.88972976;16.02829902;21.04954547;19.55300609;7.373792532;7.351089854;7.459720018;7.490473278
53;Aleutian Islands;3.571126102;4.262788145;6.418337823;5.705710072;4.477105015;4.86624472;6.792757903;6.499574638;1.728880712;1.764076546;1.878488751;1.835943619
54;Gulf of Alaska;4.121616398;5.028243509;8.046242892;6.7766122;3.457669244;4.165720848;7.8040729;6.855634722;2.100934582;2.135987087;2.442803964;2.437083659
60;Cortezian;18.35143769;18.71246205;22.86986667;22.25434895;16.42636882;16.92500349;20.67599309;19.94999737;6.889837212;6.868202185;7.632594724;7.498049926
61;Magdalena Transition;18.57016094;17.90095653;19.15170223;20.11007174;15.62870485;14.34200434;15.57384635;17.33955216;2.977856734;2.928710033;3.002680412;3.048902318
62;Bermuda;20.28019533;20.84887267;23.98001834;23.59139552;NA;NA;NA;NA;2.135854654;2.142494924;2.150801372;2.145141372
63;Bahamian;23.94408722;24.46212844;26.44523498;26.18145845;18.48114896;19.4205813;21.14872162;20.47671003;5.294776852;5.428378653;5.611447831;5.498795306
64;Eastern Caribbean;25.215875;25.33093482;26.34955449;26.40825738;NA;NA;NA;NA;4.143926698;4.161563886;4.206266519;4.194684395
65;Greater Antilles;25.83228097;26.19344413;27.56467743;27.5174575;23.96679362;25.67755233;28.38898536;27.21336951;7.379751364;7.489556226;7.682423778;7.611319134
66;Southern Caribbean;24.02317288;24.37020663;25.66427785;26.01014296;21.46132931;21.8906061;23.27247857;23.69676545;6.822412929;6.850560075;7.031327489;7.084143127
67;Southwestern Caribbean;25.8616897;26.0293166;26.94634054;27.24700401;25.17175126;25.41333654;26.41120596;26.76076721;6.931481972;6.954064203;7.02869043;7.055946939
68;Western Caribbean;26.0829578;26.56265537;27.67620682;27.77761238;24.32037374;25.19683236;26.36216364;26.26059052;7.25804133;7.312267084;7.395111485;7.446041309
69;Southern Gulf of Mexico;22.86035481;23.94146733;25.84495188;25.36658885;22.26659324;23.54218375;24.94760697;25.05488928;6.414717639;6.47585836;6.547998502;6.627193132
70;Floridian;20.26361598;22.30492914;26.58147452;25.178865;18.04896816;19.63845969;23.71653367;22.69375052;10.42051196;10.50187133;10.78048025;10.79814672
71;Guianan;25.15969857;25.91061731;26.39834295;26.36256518;25.42457514;25.87418021;26.48895256;26.89514506;7.364019279;7.536797156;7.579401813;7.668033944
72;Amazonia;27.21774104;27.12146527;26.7109212;26.86600326;28.15789194;28.16682831;27.45456266;27.38255553;6.829344337;6.801183516;6.674984635;6.727970093
73;Sao Pedro and Sao Paulo Islands;22.66051763;23.20339965;23.33379393;24.73835776;NA;NA;NA;NA;2.23005227;2.237383928;2.233101169;2.227434685
74;Fernando de Naronha and Atoll das Rocas;25.00324808;23.44902669;23.29487588;25.34073711;NA;NA;NA;NA;1.542342393;1.541114608;1.520684036;1.534420771
75;Northeastern Brazil;26.488003;26.01565827;25.11678998;25.79120357;28.15787644;27.89898551;25.79063829;26.29899535;6.448731501;6.416921423;6.121478903;6.202028412
76;Eastern Brazil;25.00987131;24.95681488;23.33061847;23.70752844;23.86880565;24.37203371;22.35508802;22.46473985;4.623887259;4.684760178;4.511271774;4.50849122
77;Trindade and Martin Vaz Islands;24.44635992;24.42976348;22.60411548;22.99006196;NA;NA;NA;NA;1.302274528;1.302358656;1.301301627;1.301771271
78;St. Helena and Ascension Islands;22.68816836;22.17051863;21.78746681;22.02571151;NA;NA;NA;NA;2.506049523;2.509371639;2.509573021;2.506811786
79;Cape Verde;20.23327584;20.56416105;20.64630989;20.43637347;NA;NA;NA;NA;2.707272727;2.706662074;2.710354691;2.715133786
82;Gulf of Guinea Upwelling;22.3595536;22.82039907;21.3607408;22.08848087;25.70517333;25.52263029;23.28089642;25.20689825;5.87978903;5.876722553;5.517098319;5.899162499
83;Gulf of Guinea Central;22.19388309;23.14937303;21.85560031;22.71649636;22.29421985;23.4567842;22.01232049;22.90389499;6.534892408;6.700635807;6.448534093;6.702061384
84;Gulf of Guinea Islands;21.37755874;22.06705304;20.33146437;21.64479053;NA;NA;NA;NA;2.708200237;2.717408873;2.7094487;2.717295244
87;Northern and Central Red Sea;21.61683237;23.26510164;26.14228876;25.0804435;20.63453768;22.07024688;24.95678486;23.86757513;21.07381855;21.43412095;22.02975643;21.7900905
88;Southern Red Sea;25.29671205;26.76541704;29.67778751;28.76725233;24.87000299;26.25311976;28.96953712;28.04769395;21.15408312;21.16250406;21.27317021;21.29163518
89;Gulf of Aden;25.5520586;26.69605243;25.93899701;26.36922911;23.64340418;24.4030977;25.1131885;25.18131281;7.047483821;7.193045441;6.920358459;7.13047658
90;Arabian (Persian) Gulf;19.75872032;22.17543363;28.62987198;26.83210528;19.74462991;21.99091493;28.45273207;26.84143723;NA;NA;NA;NA
91;Gulf of Oman;22.8656542;24.0971788;25.92552554;25.59584689;20.95874549;22.08263511;23.91323025;24.21386259;5.617451042;5.698123002;5.772455078;5.823380263
92;Western Arabian Sea;24.11070996;25.49964422;24.72417432;25.46827174;22.43710115;24.82319802;24.11545842;25.07572462;4.676361354;4.732973289;4.529277115;4.794407194
93;Central Somali Coast;25.51793526;27.58396736;25.41705692;25.91549582;22.68376703;23.49978422;20.59998082;22.80345571;4.221357937;4.241979444;3.978983866;4.121804743
94;Northern Monsoon Current Coast;26.38127044;26.0310833;23.39933162;24.98766818;NA;NA;NA;NA;3.282415254;3.301886971;3.216371757;3.221151899
95;East African Coral Coast;27.11503174;26.4464969;25.36135925;26.33788772;21.87585361;21.92578781;20.89285275;21.45041223;5.375340149;5.376392407;5.238229003;5.318057866
96;Seychelles;25.31318085;24.75793924;24.55527443;25.51414687;NA;NA;NA;NA;3.063471926;3.067184831;2.99591816;3.039726119
97;Cargados Carajos/Tromelin Island;26.08188535;25.38693306;25.04052975;25.64568315;22.32363081;21.78042523;21.30265082;21.99438026;4.333428152;4.263885486;4.189718743;4.277655991
98;Mascarene Islands;25.51940274;25.25023541;23.47876952;23.89039236;NA;NA;NA;NA;1.84369167;1.837640989;1.831286294;1.839901471
99;Southeast Madagascar;25.3156914;24.9136438;23.25335153;23.95653618;25.43630008;24.59581917;22.78764296;23.98687248;3.626240546;3.575882069;3.470099263;3.548527688
100;Western and Northern Madagascar;27.01435024;26.4567893;24.87431905;25.93440367;28.5751039;27.31648081;24.66957405;26.70390387;4.835962423;4.731857584;4.534475939;4.710738191
101;Bight of Sofala/Swamp Coast;27.62215733;26.70892564;25.010631;26.1861848;28.22276975;26.52712134;24.18455933;26.22500539;6.167818307;6.075296892;5.856983836;5.992510774
102;Delagoa;25.73223976;24.93486251;23.13365768;24.22667631;20.53101809;19.72551056;18.07937565;19.08390761;4.112148271;4.117050114;4.07332922;4.097076025
103;Western India;25.44488524;26.83353849;26.8718074;27.13388604;24.37073392;26.28903815;26.72977129;26.9025254;7.532165016;7.582091501;7.32140144;7.64141325
104;South India and Sri Lanka;26.78513622;27.27453666;25.99920077;26.416915;25.24935007;26.97900119;25.44220123;26.39689876;4.825765177;4.942658469;4.804078455;4.897889639
105;Maldives;27.01693126;27.60582308;26.63539234;26.79342421;NA;NA;NA;NA;3.20158886;3.24042793;3.20524439;3.208633626
106;Chagos;25.30542318;24.16789496;24.44930723;24.65568784;NA;NA;NA;NA;2.911856447;2.897490245;2.854536353;2.884913668
107;Eastern India;25.62972968;27.43855704;26.69520671;26.28354465;24.53731007;25.45634717;26.63113587;27.01391025;4.96888827;5.047351905;5.138537598;5.204126749
108;Northern Bay of Bengal;25.02747534;27.19615574;28.56158283;27.44504841;23.53814836;25.99427895;27.92876645;26.34924839;4.903033101;5.037997647;5.131301632;5.068763164
109;Andaman and Nicobar Islands;26.13440875;26.90327227;27.36083006;26.62895966;NA;NA;NA;NA;5.040360767;5.14543243;5.126796803;5.095567278
110;Andaman Sea Coral Coast;25.87960058;28.14344989;28.63131702;27.47680388;24.31906842;26.50745281;26.79231813;25.74045177;10.77609802;11.11205405;11.09340752;10.96334885
111;Western Sumatra;27.08545886;27.97137882;27.76686679;27.53144343;24.62885219;25.17261263;25.24676949;24.80336639;5.06013854;5.14769188;5.120967675;5.093177598
112;Gulf of Tonkin;21.01015955;24.32425106;27.31271868;25.24887352;19.98722542;22.96253922;26.4287073;24.65629081;7.653879193;7.431797243;7.427496024;7.787158225
113;Southern China;20.39447563;23.82743973;26.62713572;24.4988082;18.94333683;21.90324519;24.64641423;23.0246854;7.625833628;7.685442242;7.766217765;7.845899928
114;South China Sea Oceanic Islands;23.5660316;25.05699937;25.54479435;24.62237424;NA;NA;NA;NA;4.364548425;4.425699275;4.442338487;4.414712358
115;Gulf of Thailand;27.21460715;29.90995667;29.74746865;28.84232629;27.1488316;29.8401036;29.73869162;28.83462822;NA;NA;NA;NA
116;Southern Vietnam;24.50174738;27.24482965;26.31217531;26.21810781;24.50198863;27.43131352;26.98390621;26.85383616;8.695145669;8.229247417;8.303227294;9.124628127
117;Sunda Shelf/Java Sea;27.48931322;28.87574024;29.11155299;29.1774479;27.29819913;28.47253931;28.71339182;29.00069249;9.934271015;9.624828813;9.966589403;10.13780027
118;Malacca Strait;27.52513929;29.24764516;29.75657886;28.86259417;27.31690914;28.97297121;29.59987561;28.67397902;8.982648569;9.238207815;9.172385509;9.074084549
119;Southern Java;27.28970566;26.83453026;25.4047168;25.83841708;28.03416834;27.92184387;26.33546204;27.07801302;4.757475563;4.754675291;4.617003656;4.678958978
120;Cocos-Keeling/Christmas Island;26.40391759;26.11012332;25.80318098;26.35911931;NA;NA;NA;NA;1.173486858;1.174486782;1.173647233;1.17389132
121;South Kuroshio;22.18268783;23.74220436;26.08104867;24.96666728;NA;NA;NA;NA;2.82037774;2.858216062;2.89776505;2.870660902
122;Ogasawara Islands;21.16614767;21.87934186;24.17126829;23.78654524;NA;NA;NA;NA;1.466985969;1.47414945;1.470279988;1.466346185
123;Mariana Islands;25.89541702;26.34784717;27.32404408;27.09160854;NA;NA;NA;NA;1.496356561;1.505875154;1.504953757;1.495006981
124;East Caroline Islands;27.86056004;28.47605765;28.3859573;28.50072591;NA;NA;NA;NA;1.669095644;1.673554571;1.680076985;1.686333575
125;West Caroline Islands;26.81577043;28.28554878;28.68702758;28.24035838;NA;NA;NA;NA;1.573130387;1.578938961;1.579557412;1.582536334
126;Palawan/North Borneo;26.18350279;27.1786775;28.30314517;28.10073347;25.35581013;26.25356067;27.32017839;27.28811979;16.76515622;16.93201705;17.44663302;17.50282443
127;Eastern Philippines;25.68512241;27.22619484;28.28717849;27.41166725;24.70735862;25.91448047;26.65296947;26.26609319;6.762874352;6.974157098;7.161350534;7.049256694
128;Sulawesi Sea/Makassar Strait;27.66310407;27.70256661;27.84541267;28.1882975;23.42106472;23.33114017;22.81369818;23.50926901;5.748386943;5.732062975;5.73749975;5.783358256
129;Halmahera;27.71938699;28.0229047;28.32619204;28.43963115;NA;NA;NA;NA;7.645018226;7.645258539;7.620748075;7.702721593
130;Papua;28.32053486;28.75035952;28.77223504;29.06641345;25.7622189;25.65589626;25.20825814;25.85763796;5.526160437;5.529415218;5.483249277;5.555569917
131;Banda Sea;27.97335524;27.15986723;26.11326391;27.2232458;26.88604712;27.0043408;25.91304523;26.04651873;7.189704783;7.118381385;6.978285351;7.113352874
132;Lesser Sunda;27.60889571;26.56398347;25.25314488;26.22888244;NA;NA;NA;NA;6.062079731;5.984836208;5.854906211;5.98177119
133;Northeast Sulawesi;27.33997751;27.20640573;27.06864188;27.3361223;20.44591621;20.48118457;20.30141253;20.41660802;13.5854936;13.59571786;13.55210227;13.63349023
134;Bismarck Sea;28.60010365;28.9358771;28.37576785;28.7967619;18.88706781;18.93562479;18.37372993;18.72230673;4.962702037;4.960788873;4.894270753;4.948059547
135;Solomon Archipelago;28.9194167;28.90512927;28.19226382;28.56712667;NA;NA;NA;NA;3.299208876;3.287787908;3.244372763;3.274588727
136;Solomon Sea;27.66835823;27.29617187;26.0791133;26.60387538;27.67012513;27.63253669;26.71296465;27.0490081;6.085978324;6.043993295;5.819612526;5.916506917
137;Southeast Papua New Guinea;26.80419894;26.04551122;24.30694156;25.09029788;29.70498884;29.50737628;27.46123578;28.44400281;3.519486423;3.463535992;3.363985283;3.398171697
138;Gulf of Papua;28.02011025;27.52972027;24.87313996;25.64731975;25.34771231;24.95823127;22.7049188;23.28051864;5.459708066;5.392917483;5.342297336;5.392546662
139;Arafura Sea;29.97482225;29.08995653;26.18726421;27.71418816;29.79879121;28.89033014;26.03798355;27.52336962;20.2838555;19.64808464;18.18955797;19.50376924
140;Arnhem Coast to Gulf of Carpenteria;30.44730853;28.25024195;24.65940271;27.44357864;30.09667478;27.89433654;24.39462861;27.16169414;NA;NA;NA;NA
141;Bonaparte Coast;30.46400919;28.91084817;25.97496732;28.55629199;29.78922481;28.2459768;25.39843359;27.99758739;17.83736169;17.35939422;16.39577309;17.10296412
142;Torres Strait Northern Great Barrier Reef;28.25310511;27.06396977;24.23213324;25.69878896;29.08648137;27.53730234;24.15694365;25.83638052;9.469830988;9.026517021;8.266156555;8.771507991
143;Central and Southern Great Barrier Reef;27.59365847;25.03500782;21.45737408;24.42020408;26.89100963;24.38708664;20.93954856;23.84360847;14.72848578;14.71803456;14.63516033;14.59639956
144;Exmouth to Broome;28.53046908;27.86994462;25.01365122;26.8967197;26.0592446;25.28992877;22.42166775;24.6036155;6.664122785;6.774039279;6.649628079;6.705817717
145;Ningaloo;25.34267109;25.85199343;23.4033125;23.59316741;22.201132;22.65149062;20.089076;20.50471924;4.231214666;4.311007978;4.157618777;4.162570788
146;Tonga Islands;24.9782518;24.80716485;23.25900346;23.55673004;NA;NA;NA;NA;2.320096667;2.303395034;2.288277946;2.299130887
148;Vanuatu;26.46068959;26.08138849;24.78582618;25.32258962;NA;NA;NA;NA;2.327637454;2.315697194;2.302095624;2.320575438
149;New Caledonia;25.15436498;24.55795067;22.6267506;23.29124505;NA;NA;NA;NA;4.261040011;4.170863103;4.051468799;4.130838268
150;Coral Sea;26.12773287;25.23654401;23.32914427;24.27448032;18.26991722;18.08394479;17.72943939;17.97536336;5.351645982;5.270408879;5.248324559;5.31742492
151;Lord Howe and Norfolk Islands;22.05406091;21.42983451;19.0764098;19.8589769;NA;NA;NA;NA;2.784178705;2.78228612;2.757716695;2.769105158
153;Marshall Islands;26.67319538;27.04762057;27.66495403;27.4653599;NA;NA;NA;NA;1.524902822;1.531218604;1.541229357;1.540033669
155;Line Islands;27.38059481;27.67891144;27.21495295;27.27645542;NA;NA;NA;NA;1.255451187;1.255126149;1.256901865;1.258684705
156;Phoenix/Tokelau/Northern Cook Islands;28.81285296;28.87972818;28.42048175;28.50962737;NA;NA;NA;NA;1.212076414;1.210257048;1.210681205;1.212051975
157;Samoa Islands;27.71755069;27.4548004;26.94040041;27.16624192;NA;NA;NA;NA;1.903715323;1.894896197;1.903495741;1.905604179
158;Tuamotus;26.55811177;26.59147305;25.39071408;25.42604655;NA;NA;NA;NA;1.756926264;1.756753157;1.743508103;1.745378877
159;Rapa-Pitcairn;22.35762361;22.36479108;20.24487469;20.42862037;NA;NA;NA;NA;1.423837885;1.423518438;1.423335865;1.424425662
160;Southern Cook/Austral Islands;24.43115453;24.37146651;22.79148871;22.91749943;NA;NA;NA;NA;1.229015943;1.229258205;1.22944714;1.230084689
161;Society Islands;26.34752663;26.50786275;25.25865103;25.17650547;NA;NA;NA;NA;1.453539847;1.454204917;1.45203239;1.45455854
162;Marquesas;27.70037527;27.54471909;27.07117178;27.04615111;NA;NA;NA;NA;1.37736054;1.372979001;1.37577849;1.378316288
163;Easter Island;21.91501908;21.78640182;19.80409518;19.9632977;NA;NA;NA;NA;1.683350169;1.682666489;1.681952077;1.68291152
164;Revillagigedos;22.50648334;22.81750519;23.70443455;23.24802901;NA;NA;NA;NA;1.411055406;1.412270626;1.41370376;1.41387717
165;Clipperton;24.55979773;25.94652667;24.79464461;22.58899249;NA;NA;NA;NA;1.355175763;1.352532555;1.345894884;1.35000858
166;Mexican Tropical Pacific;22.25255983;21.60342088;23.40324279;23.26538287;NA;NA;NA;NA;3.07189558;3.059543807;3.218544469;3.141247082
167;Chiapas-Nicaragua;21.90141584;22.3748249;23.56426712;21.89813365;22.17137404;22.79498575;24.53854687;23.14440487;5.055494703;5.166288132;5.396994486;5.187468391
168;Nicoya;20.12816215;20.00424194;20.47382519;20.04700288;20.78960423;20.69273056;21.81709227;21.79863597;4.433729955;4.464368382;4.567673398;4.540440871
169;Cocos Islands;19.50187063;19.85189542;18.91297643;18.29154786;NA;NA;NA;NA;2.188884096;2.191057507;2.177487816;2.195035155
170;Panama Bight;18.68054573;19.11573024;20.44108472;20.16935468;17.0135768;17.73213883;20.43504247;20.02546587;3.843904741;3.892604982;4.024385122;3.999513242
171;Guayaquil;19.61454328;18.51735492;18.50013669;18.8575601;20.00697542;18.58466571;20.26809046;20.59288477;3.498600951;3.494901698;3.510294581;3.497750146
172;Northern Galapagos Islands;18.74791856;19.8216475;19.67362192;19.27317297;NA;NA;NA;NA;1.885667197;1.88334039;1.87059322;1.882850106
173;Eastern Galapagos Islands;19.18471319;18.84922222;17.7518697;18.19641365;NA;NA;NA;NA;2.864703996;2.867176064;2.835227626;2.851912287
174;Western Galapagos Islands;19.29172773;18.88048876;17.21350706;18.11914631;NA;NA;NA;NA;1.694151314;1.692402115;1.676888275;1.683814252
175;Central Peru;19.23197545;18.32748423;16.65408315;16.94714156;17.16386434;16.14440534;15.31603292;15.42919695;3.799971913;3.720117522;3.664094445;3.674881045
176;Humboldtian;16.65976047;16.05442058;14.80191993;15.20810951;15.45255351;14.88979754;13.98893278;14.01060011;3.091576055;3.065989845;3.009405253;3.011298277
177;Central Chile;14.64593161;13.97669611;12.9553402;13.37333496;NA;NA;NA;NA;3.02811982;2.967043596;2.877593626;2.917169027
178;Araucanian;12.71100865;12.31418797;10.99880359;11.57127353;9.55647826;10.07127938;9.822378222;9.626972398;2.77326267;2.809692255;2.765240408;2.758146272
179;Juan Fernandez and Desventuradas;17.3681041;17.2224521;15.17993487;15.37947153;NA;NA;NA;NA;1.490246471;1.489383269;1.488159318;1.489673987
180;Southeastern Brazil;22.81868872;22.51588315;20.66785028;21.36455054;19.15049634;19.59064868;18.28455758;18.20854167;5.52142065;5.609363085;5.612388657;5.46924957
181;Rio Grande;22.19231534;21.07772303;17.75061439;19.33990981;19.99346909;19.57191122;16.11033307;17.32785216;4.249621983;4.304192151;4.232892756;4.182971359
182;Rio de la Plata;21.25961827;18.97225862;12.86975066;15.4675188;21.08852706;18.98741973;12.73037266;15.14644566;NA;NA;NA;NA
183;Uruguay-Buenos Aires Shelf;17.33973929;15.64436818;10.62220551;12.5802984;16.92896296;15.46226166;10.25410503;12.20333083;4.147690694;4.367441724;4.012001765;3.888774132
186;Malvinas/Falklands;8.535632449;7.522690167;5.690189275;6.444873272;7.327197497;7.281625654;6.006545448;6.15789549;4.55496458;4.449597099;4.121365844;4.230727632
187;Channels and Fjords of Southern Chile;8.537528512;7.501784775;5.676852291;6.311364981;10.49702785;8.899162933;5.893609781;7.254933671;2.39350985;2.294727001;2.063551757;2.135362528
188;Chiloense;11.73011031;10.87479886;8.856276867;9.717313597;11.12809058;10.67023397;9.053374114;9.723013016;2.813197956;2.816964846;2.752736832;2.767754729
189;Tristan Gough;13.58409198;13.32215613;11.27790574;11.48557938;NA;NA;NA;NA;2.221987528;2.218696646;2.208470111;2.209497353
191;Namaqua;16.19737782;15.79889627;14.96237954;15.04486003;11.24103753;11.63397282;11.77468835;10.95739217;4.20199062;4.227867666;4.229290279;4.226114481
192;Agulhas Bank;19.05014997;18.34599575;17.17234572;17.72493712;12.48973495;12.96274426;13.92812499;13.37594152;3.434105205;3.494129052;3.572349541;3.493967423
193;Natal;22.62721214;21.99737284;20.29611426;20.83957098;17.88699604;17.89653203;16.99060978;17.37521655;3.278286172;3.335436778;3.310304977;3.292141998
194;Amsterdam-St Paul;15.80390862;15.30984081;13.55406229;13.87972875;NA;NA;NA;NA;1.943711979;1.95018961;1.934704011;1.933592485
197;Three Kings-North Cape;20.05111808;19.39071547;17.11873586;17.8114653;16.10804417;16.17284487;14.71733446;14.90060615;2.941412572;2.942964514;2.927999322;2.928397353
200;South New Zealand;13.37727561;12.30661146;10.65821958;11.29998048;13.74007737;12.34003461;10.50539794;11.47814208;4.190486631;4.146272129;4.045945982;4.087506857
201;Snares Island;12.12308922;11.17026088;9.835118691;10.16083664;11.42910496;10.91873662;10.0100967;10.18093514;5.536042885;5.500864716;5.381577748;5.39720284
202;Tweed-Moreton;24.16203983;23.07343941;20.37067064;21.77908507;26.57367482;23.60860526;19.69378491;22.97554082;5.483423783;5.381946456;4.967562803;5.14070929
203;Manning-Hawkesbury;22.2301086;21.3736753;18.98413893;20.06662559;18.2359023;18.48322477;17.0950219;17.43955028;3.300392193;3.361121586;3.271961365;3.252390454
204;Cape Howe;19.33118697;18.07516309;15.02060978;16.30030896;18.94376828;17.18062805;13.60049379;15.56985476;4.134557926;4.03022048;3.611075176;3.770109627
205;Bassian;15.60147304;14.7147638;12.67650144;13.16047046;17.66157051;16.18154532;12.95357736;14.29386104;3.050657708;3.024446307;2.854396867;2.864598181
206;Western Bassian;16.29515504;15.62563687;13.68352838;14.35213021;17.86520242;16.63420304;13.92087313;15.26504737;3.532833146;3.567832561;3.30632326;3.399021185
207;South Australian Gulfs;18.98451674;17.88860686;15.09833593;16.51607423;20.1569191;18.6303164;15.0162814;17.23934033;3.601376371;3.785696238;3.667648512;3.625582265
208;Great Australian Bight;19.65775983;18.56637409;15.47608004;17.00450633;20.26309868;18.91608836;15.42797422;17.38841128;4.168092897;4.361302486;4.230532424;4.153499247
209;Leeuwin;18.8838615;18.58986834;15.95273241;16.6032708;21.22277301;19.68919058;16.53642985;18.35154376;3.531938992;3.530546842;3.260738239;3.32949457
210;Shark Bay;24.04603084;23.94827754;21.0803113;21.5910941;22.70518677;22.15895266;19.08423517;20.10139085;2.921964266;2.970760008;2.9509969;2.93280544
211;Houtman;22.0883451;22.10679625;19.7120903;19.99962799;22.37340537;21.40367972;18.60225871;19.72230988;3.107480199;3.118526161;2.960075469;2.977219147
212;Macquarie Island;7.629026784;6.641464212;5.74655131;5.905204212;NA;NA;NA;NA;1.489657571;1.488494845;1.487142781;1.481397057
213;Heard and Macdonald Islands;5.715832587;4.983103904;3.367753361;3.648305417;3.73823873;3.864126978;3.643764299;3.529818973;2.291282323;2.290422802;2.262578319;2.252595081
214;Kerguelen Islands;7.454395287;6.905866069;5.05029039;5.236257109;6.423830636;6.300599017;4.986059833;5.090035283;2.602452647;2.624255642;2.551323213;2.524206248
215;Crozet Islands;8.258704323;7.954657715;6.242759921;6.368497429;NA;NA;NA;NA;1.592289068;1.582762945;1.555680565;1.561821857
216;Prince Edward Islands;8.258638599;8.26771407;6.635693727;6.534196131;NA;NA;NA;NA;1.660475144;1.66690572;1.66417196;1.669058806
217;Bouvet Island;2.704687801;2.202909459;0.386558053;0.557321398;NA;NA;NA;NA;0.753183462;0.753680003;0.757050509;0.759646002
218;Peter the First Island;1.378192973;0.651274865;-0.954198755;-0.905152668;NA;NA;NA;NA;0.974298627;0.975607751;0.972137202;0.970890389
219;South Sandwich Islands;1.460125923;0.916894436;-0.941829616;-0.744374474;NA;NA;NA;NA;0.549378534;0.549708693;0.546492811;0.549987892
220;South Georgia;2.455059816;1.802336094;-0.293339169;0.122378703;NA;NA;NA;NA;1.047233485;1.072047684;0.945872522;0.918592558
221;South Orkney Islands;0.896510773;0.099641653;-1.375154456;-0.922893386;NA;NA;NA;NA;0.89068399;0.887554061;0.853151255;0.857991945
222;South Shetland Islands;0.763383034;-0.361533955;-1.554883641;-0.854168484;-0.959488207;-1.03312434;-1.358823137;-1.307513806;0.843125505;0.788516955;0.709089444;0.740157814
223;Antarctic Peninsula;0.610172875;-0.389170845;-1.447786825;-1.174811284;-1.0508044;-1.094169014;-1.254226518;-1.283456943;0.176749445;0.154384944;0.094472558;0.092239888
224;East Antarctic Wilkes Land;-0.008920367;-1.037216695;-1.493354228;-1.386467875;-0.814311009;-1.177627999;-1.382884397;-1.346030595;0.698861309;0.660426103;0.633792755;0.640916083
225;East Antarctic Enderby Land;0.34200081;-0.705987753;-1.518646804;-1.435201774;-1.194176634;-1.179846393;-1.392606347;-1.519236797;0.467160644;0.375588345;0.318823998;0.316249795
226;East Antarctic Dronning Maud Land;0.23110341;-0.847122688;-1.578158468;-1.445287644;-0.846226728;-1.10401202;-1.394128151;-1.387924741;0.653477671;0.53388606;0.499005752;0.51578237
227;Weddell Sea;-0.273191449;-1.243254513;-1.669694523;-1.551514546;-1.541536647;-1.619883681;-1.68571986;-1.706631112;-0.184794553;-0.188932827;-0.209654014;-0.220624266
228;Amundsen/Bellingshausen Sea;0.206099109;-0.65108805;-1.483533457;-1.459252364;-0.634918177;-0.793628482;-0.927193519;-0.941960871;0.514829978;0.498303641;0.481361473;0.494425475
229;Ross Sea;-0.431007072;-1.348170546;-1.632649668;-1.545180398;-0.582943609;-0.943934043;-1.076064672;-1.061119221;0.466066067;0.471091567;0.459405264;0.460205128
231;Campbell Island;9.903059338;8.868513672;8.12214306;8.410271279;8.428199824;8.525413898;8.19680784;8.18115448;5.745882657;5.771850842;5.757531719;5.7132602
232;Auckland Island;10.90079384;9.840000256;8.94456696;9.271018035;10.26238452;9.677410892;8.719592248;9.05109099;3.526531553;3.523200115;3.504211381;3.496352337
7;Baffin Bay - Davis Strait;-0.947430717;-0.972712245;0.780692326;-0.100835722;0.618028307;0.611112884;1.300593412;1.021641042;4.621565539;4.62254445;4.649296606;4.656206371
9;Lancaster Sound;-1.347986987;-1.357065007;-0.678137445;-1.087712072;-0.12705172;-0.128314199;0.148998546;0.042508852;3.28275721;3.322496226;3.480578721;3.34812021
10;High Arctic Archipelago;-1.524105223;-1.529105395;-1.455021579;-1.499317615;-0.469890285;-0.475783658;-0.440001297;-0.459448791;0.258365184;0.258520969;0.256250482;0.25537975
14;Eastern Bering Sea;0.609608206;1.840638384;6.286651212;4.504002221;0.309614297;1.393981265;5.902146779;4.355644304;2.764054351;2.835959077;3.403889103;3.365454195
31;Aegean Sea;13.76514084;15.08775006;18.04628972;16.68679728;13.39327182;13.7403867;14.70455159;14.84924532;14.0682913;14.13012507;14.34208857;14.29671228
32;Levantine Sea;16.04395907;17.07019882;20.49261717;19.42004917;16.04920976;16.99667099;21.11505489;19.88497726;13.95999599;14.00661296;14.26078706;14.20849844
33;Tunisian Plateau/Gulf of Sidra;15.688804;16.93194325;20.45333366;19.47360994;15.13910751;16.33426911;19.02099782;18.43463169;13.93760652;13.9919558;14.08872517;14.14666088
34;Ionian Sea;14.21850897;15.07383365;18.21370836;17.37153187;13.94667145;14.22918402;15.37301431;15.47492858;13.64218534;13.71970716;14.06732329;14.00962619
35;Western Mediterranean;13.74927291;14.63230283;17.55455021;16.66973918;13.19715916;13.81697572;15.86494151;15.93215004;12.71968713;12.78831163;13.04934978;13.104354
36;Alboran Sea;14.60104409;15.21427703;17.82811366;17.04460367;13.20309231;13.46110637;14.04848085;13.82936964;12.77945867;12.94284498;13.39644174;13.25192226
40;Gulf of Maine/Bay of Fundy;5.741431476;6.631203052;11.58762726;10.6299238;5.437327496;5.818036541;9.907158008;9.567895522;4.259987505;4.308043249;5.111267204;5.149929523
42;Carolinian;18.47552537;20.42577565;24.74371189;23.06640753;14.33758031;17.06377757;23.08734796;20.4762295;6.188451085;6.283322352;6.440890957;6.34824436
46;Kamchatka Shelf and Coast;1.103422983;2.144054326;5.194381432;3.78039906;-0.631009576;0.722073088;4.970392722;3.197518288;1.471205747;1.627896956;2.021920882;1.864665699
55;North American Pacific Fijordland;6.827161881;7.886426279;10.32367733;9.162946733;7.043742895;7.672371936;9.376357255;8.908777481;2.537625364;2.584702183;2.773081449;2.70870138
56;Puget Trough/Georgia Basin;7.649095948;9.452050275;11.91062242;10.24630561;8.803792244;8.889135042;9.475413909;9.843971604;NA;NA;NA;NA
57;Oregon, Washington, Vancouver Coast and Shelf;9.426007932;10.2314448;11.68672835;10.96283084;8.899859335;8.928872341;9.074184151;9.699758136;2.4177935;2.388515639;2.421231333;2.448229917
58;Northern California;12.50297473;12.83690825;13.98111077;13.57920893;10.88228895;10.64546794;11.68133227;12.07235569;1.983768727;1.950691929;1.973559632;1.996886774
59;Southern California Bight;15.54143711;15.76697096;17.10018447;16.93853363;13.32492076;13.3538747;14.85144026;15.16981386;3.089619604;3.056456169;3.154386372;3.205876433
80;Sahelian Upwelling;20.08055313;20.04612855;22.36984691;21.77683829;21.41532569;22.36817768;25.97136297;24.9082496;5.421949033;5.438652054;5.780020795;5.649835832
81;Gulf of Guinea West;23.09360847;23.03008349;22.76102781;22.45868468;26.02968546;26.87502597;26.78874978;26.21025971;5.621680182;5.550834369;5.391696907;5.424621348
85;Gulf of Guinea South;21.75291288;22.3063507;21.15063682;22.74687349;19.88016294;21.21503587;20.43018658;22.35415362;4.384575057;4.438806074;4.368306393;4.458965721
86;Angolan;21.83412904;21.62352889;20.23685319;21.22108893;19.26166087;18.98477212;18.33421496;20.08285037;5.324385441;5.258570344;5.170726109;5.35364949
147;Fiji Islands;25.86661881;25.43237374;24.1322837;24.43801695;23.86649685;23.29978207;22.03108607;22.39432407;4.465287613;4.39018135;4.2883294;4.349649053
152;Hawaii;22.30505963;22.53851374;24.2345797;24.18521467;NA;NA;NA;NA;1.530162158;1.536234492;1.555497487;1.548744845
154;Gilbert/Ellis Islands;28.83609145;28.69061137;28.42727047;28.74489174;NA;NA;NA;NA;1.4910966;1.488791337;1.490054047;1.49249876
184;North Patagonian Gulfs;14.57990294;12.79047114;8.670203444;10.33170543;14.07336204;12.75980705;8.655476053;9.968441231;NA;NA;NA;NA
185;Patagonian Shelf;10.55391116;9.133007828;6.054816196;7.337884714;9.899084398;9.080391014;6.099252106;6.99627813;7.580717877;7.061083285;5.331717266;5.901543873
190;Namib;18.58465341;17.59688211;16.23944135;16.55849768;16.20995291;14.80296207;13.73032759;13.84568032;4.197977503;4.171974131;4.118748076;4.190915749
195;Kermadec Island;20.97326975;20.53192315;18.25933861;18.96698869;NA;NA;NA;NA;2.192616884;2.197195847;2.18992108;2.192217996
196;Northeastern New Zealand;19.38836142;18.58750287;16.28972544;17.08040876;17.88322673;16.60339839;13.99038927;15.43878478;3.486487056;3.461501066;3.342499116;3.379458557
198;Chatham Island;14.65051397;13.69241925;11.8815072;12.54969606;12.8110838;12.23415642;11.06391161;11.61719276;3.702080607;3.691159119;3.644863306;3.658975436
199;Central New Zealand;16.06364378;14.96677445;12.89339139;13.70919259;15.24295392;14.40323572;12.34343771;13.2140493;5.620403249;5.584160158;5.469519925;5.497053232
230;Bounty and Antipodes Islands;10.83634165;9.856643153;8.35478093;8.974565026;NA;NA;NA;NA;2.837105019;2.844401452;2.827800072;2.829697498
